{"cameraMode":{"drawMode":0,"name":"Shaded","section":"Shading Mode"},"sceneLighting":false,"audioPlay":false,"sceneViewState":{"showFog":true,"showMaterialUpdate":false,"showSkybox":false,"showFlares":true,"showImageEffects":true,"showParticleSystems":true},"in2DMode":false,"pivot":{"x":-0.194488525390625,"y":0.22736358642578126,"z":-0.05718994140625},"rotation":{"x":-0.06430192291736603,"y":-0.06880185008049011,"z":-0.004444010090082884,"w":0.9955459833145142},"size":103.759521484375,"orthographic":true}