{"cameraMode":{"drawMode":0,"name":"Shaded","section":"Shading Mode"},"sceneLighting":false,"audioPlay":false,"sceneViewState":{"showFog":true,"showMaterialUpdate":true,"showSkybox":true,"showFlares":true,"showImageEffects":true,"showParticleSystems":true},"in2DMode":false,"pivot":{"x":0.071685791015625,"y":0.4213294982910156,"z":-0.035888671875},"rotation":{"x":-0.044984765350818637,"y":-0.001498489873483777,"z":0.00006746539293089882,"w":-0.998986542224884},"size":1.0930061340332032,"orthographic":true}