{"cameraMode":{"drawMode":0,"name":"Shaded","section":"Shading Mode"},"sceneLighting":false,"audioPlay":false,"sceneViewState":{"showFog":true,"showMaterialUpdate":false,"showSkybox":false,"showFlares":true,"showImageEffects":true,"showParticleSystems":true},"in2DMode":false,"pivot":{"x":0.16955719888210298,"y":0.14037734270095826,"z":-0.028271079063415529},"rotation":{"x":-0.23125791549682618,"y":-0.2246563732624054,"z":0.054977234452962878,"w":-0.9450010061264038},"size":1.0213375091552735,"orthographic":false}