{"cameraMode":{"drawMode":0,"name":"Shaded","section":"Shading Mode"},"sceneLighting":false,"audioPlay":false,"sceneViewState":{"showFog":true,"showMaterialUpdate":false,"showSkybox":false,"showFlares":true,"showImageEffects":true,"showParticleSystems":true},"in2DMode":false,"pivot":{"x":0.0919189453125,"y":0.1458221971988678,"z":-0.0558801107108593},"rotation":{"x":-0.005694387014955282,"y":-0.9913120269775391,"z":0.12315569818019867,"w":-0.04583493992686272},"size":0.4850810468196869,"orthographic":true}