{"cameraMode":{"drawMode":0,"name":"Shaded","section":"Shading Mode"},"sceneLighting":false,"audioPlay":false,"sceneViewState":{"showFog":true,"showMaterialUpdate":false,"showSkybox":false,"showFlares":true,"showImageEffects":true,"showParticleSystems":true},"in2DMode":false,"pivot":{"x":168.24705505371095,"y":574.6512451171875,"z":24.51165771484375},"rotation":{"x":-0.046482738107442859,"y":0.004495122469961643,"z":-0.00020917308575008065,"w":-0.9989089965820313},"size":325.29290771484377,"orthographic":false}