{"cameraMode":{"drawMode":0,"name":"Shaded","section":"Shading Mode"},"sceneLighting":false,"audioPlay":false,"sceneViewState":{"showFog":true,"showMaterialUpdate":false,"showSkybox":false,"showFlares":true,"showImageEffects":true,"showParticleSystems":true},"in2DMode":false,"pivot":{"x":133.33755493164063,"y":445.7770080566406,"z":67.39483642578125},"rotation":{"x":-0.046482738107442859,"y":0.004495122469961643,"z":-0.00020917308575008065,"w":-0.9989089965820313},"size":602.1106567382813,"orthographic":false}