{"cameraMode":{"drawMode":0,"name":"Shaded","section":"Shading Mode"},"sceneLighting":false,"audioPlay":false,"sceneViewState":{"showFog":true,"showMaterialUpdate":false,"showSkybox":false,"showFlares":true,"showImageEffects":true,"showParticleSystems":true},"in2DMode":false,"pivot":{"x":179.0296173095703,"y":323.8290710449219,"z":1.21417236328125},"rotation":{"x":-0.046482738107442859,"y":0.004495122469961643,"z":-0.00020917308575008065,"w":-0.9989089965820313},"size":284.2611999511719,"orthographic":false}