{"cameraMode":{"drawMode":0,"name":"Shaded","section":"Shading Mode"},"sceneLighting":false,"audioPlay":false,"sceneViewState":{"showFog":true,"showMaterialUpdate":false,"showSkybox":false,"showFlares":true,"showImageEffects":true,"showParticleSystems":true},"in2DMode":false,"pivot":{"x":-0.117919921875,"y":0.29608154296875,"z":0.15618896484375},"rotation":{"x":0.07336454093456269,"y":0.04336879402399063,"z":-0.003193403361365199,"w":0.996356725692749},"size":1.1417534351348878,"orthographic":true}