{"cameraMode":{"drawMode":0,"name":"Shaded","section":"Shading Mode"},"sceneLighting":false,"audioPlay":false,"sceneViewState":{"showFog":true,"showMaterialUpdate":true,"showSkybox":true,"showFlares":true,"showImageEffects":true,"showParticleSystems":true},"in2DMode":false,"pivot":{"x":-0.0328671932220459,"y":0.21950051188468934,"z":0.20479166507720948},"rotation":{"x":0.11273383349180222,"y":-0.44271865487098696,"z":0.056219059973955157,"w":0.8877672553062439},"size":0.9965197443962097,"orthographic":false}